,fold,alpha,accuracy train corrected,accuracy test corrected,accuracy train,accuracy test,violations train,violations test,runtime
0,1,0.7,0.8433333333333334,0.7973856209150327,0.7981072555205048,0.7672955974842768,0.0,0.0,103.5566177368164
1,2,0.9,0.8219633943427621,0.8486842105263158,0.7791798107255521,0.8113207547169812,0.0,0.0,255.64677095413208
2,3,0.7,0.7057851239669422,0.6959459459459459,0.6735015772870663,0.6477987421383647,0.0,0.0,237.62510776519775
3,4,0.9,0.8397328881469115,0.7922077922077922,0.7921259842519685,0.7721518987341772,0.0,0.0,133.6111671924591
4,5,0.9,0.7018121911037891,0.6575342465753424,0.6708661417322834,0.6075949367088608,0.0,0.0,280.3517322540283
