,fold,num violations training data,accuracy train corrected,accuracy test corrected,accuracy train,accuracy test,violations train,violations test,runtime
0,1,34.0,0.8283333333333334,0.7908496732026143,0.7839116719242902,0.7610062893081762,0.0,0.0,8668.39059472084
1,2,33.0,0.8153078202995009,0.8421052631578947,0.7728706624605678,0.8050314465408805,0.0,0.0,7057.1238667964935
2,3,29.0,0.8082644628099174,0.8716216216216216,0.7712933753943217,0.8113207547169812,0.0,0.0,4453.496364831924
3,4,36.0,0.8313856427378965,0.7792207792207793,0.784251968503937,0.759493670886076,0.0,0.0,5690.095434427261
4,5,28.0,0.8204283360790774,0.821917808219178,0.784251968503937,0.759493670886076,0.0,0.0,5713.619134187698
