,fold,alpha,accuracy train corrected,accuracy test corrected,accuracy train,accuracy test,violations train,violations test,runtime
0,1,0.0,0.8372093023255814,0.8533333333333334,0.7981072555205048,0.8050314465408805,2.0,4.0,231.73765182495117
1,2,0.7,0.8239202657807309,0.76,0.7823343848580442,0.7169811320754716,0.0,0.0,269.1648907661438
2,3,0.7,0.8258706467661692,0.8322147651006712,0.7854889589905363,0.779874213836478,0.0,0.0,274.07948184013367
3,4,0.9,0.7164179104477612,0.6711409395973155,0.6803149606299213,0.6329113924050633,0.0,0.0,87.25850796699524
4,5,0.5,0.8411371237458194,0.8311688311688312,0.7921259842519685,0.810126582278481,0.0,0.0,127.02885055541992
