,fold,num violations training data,accuracy train corrected,accuracy test corrected,accuracy train,accuracy test,violations train,violations test,runtime
0,1,32.0,0.739202657807309,0.8066666666666666,0.7018927444794952,0.7610062893081762,0.0,0.0,4535.069259881973
1,2,32.0,0.8338870431893688,0.7733333333333333,0.7917981072555205,0.7295597484276729,0.0,0.0,8637.18472146988
2,3,31.0,0.8126036484245439,0.8456375838926175,0.7728706624605678,0.7924528301886793,0.0,0.0,7610.641531467438
3,4,32.0,0.8325041459369817,0.7785234899328859,0.7905511811023622,0.7341772151898734,0.0,0.0,8830.336911916733
4,5,37.0,0.7709030100334449,0.7467532467532467,0.7259842519685039,0.7278481012658228,0.0,0.0,4404.778227329254
