,fold,alpha,accuracy train corrected,accuracy test corrected,accuracy train,accuracy test,violations train,violations test,runtime
0,1,0.9,0.7865168539325843,0.8617021276595744,0.712468193384224,0.8181818181818182,0.0,0.0,48.96730399131775
1,2,0.9,0.8121546961325967,0.7613636363636364,0.7480916030534351,0.6767676767676768,0.0,0.0,14.461235523223877
2,3,0.9,0.8126721763085399,0.7816091954022989,0.748730964467005,0.6938775510204082,0.0,0.0,70.35011386871338
3,4,0.9,0.8089887640449438,0.776595744680851,0.7309644670050761,0.7448979591836735,0.0,0.0,51.864402532577515
4,5,0.7,0.8016528925619835,0.8045977011494253,0.7385786802030457,0.7142857142857143,0.0,0.0,40.38048839569092
