,fold,num violations training data,accuracy train corrected,accuracy test corrected,accuracy train,accuracy test,violations train,violations test,runtime
0,1,30.0,0.8311258278145696,0.7972972972972973,0.7917981072555205,0.7421383647798742,0.0,0.0,10367.613604545593
1,2,32.0,0.7192691029900332,0.78,0.6829652996845426,0.7358490566037735,0.0,0.0,6985.62620639801
2,3,34.0,0.8333333333333334,0.7894736842105263,0.7886435331230284,0.7547169811320755,0.0,0.0,7806.554210662842
3,4,31.0,0.8294701986754967,0.8040540540540541,0.7889763779527559,0.7531645569620253,0.0,0.0,7532.788250207901
4,5,37.0,0.8127090301003345,0.8701298701298701,0.7653543307086614,0.8481012658227848,0.0,0.0,8008.303016662598
