,fold,alpha,accuracy train corrected,accuracy test corrected,accuracy train,accuracy test,violations train,violations test,runtime
0,1,0.9,0.7921348314606742,0.8617021276595744,0.7175572519083969,0.8181818181818182,0.0,0.0,99.08446931838989
1,2,0.9,0.8121546961325967,0.7613636363636364,0.7480916030534351,0.6767676767676768,0.0,0.0,45.121333837509155
2,3,0.7,0.8016528925619835,0.8045977011494253,0.7385786802030457,0.7142857142857143,0.0,0.0,14.762681722640991
3,4,0.7,0.8089887640449438,0.776595744680851,0.7309644670050761,0.7448979591836735,0.0,0.0,23.46891951560974
4,5,0.9,0.8071625344352618,0.8045977011494253,0.7436548223350253,0.7142857142857143,0.0,0.0,77.91179394721985
