,fold,alpha,accuracy train corrected,accuracy test corrected,accuracy train,accuracy test,violations train,violations test,runtime
0,1,0.5,0.8466666666666667,0.7973856209150327,0.8012618296529969,0.7672955974842768,0.0,0.0,105.05525922775269
1,2,0.7,0.8336106489184693,0.8421052631578947,0.7902208201892744,0.8050314465408805,0.0,0.0,124.77457022666931
2,3,0.9,0.828099173553719,0.8783783783783784,0.7902208201892744,0.8176100628930818,0.0,0.0,86.0329008102417
3,4,0.1,0.8447412353923205,0.7922077922077922,0.7968503937007874,0.7721518987341772,0.0,0.0,87.02686047554016
4,5,0.3,0.8517298187808896,0.8561643835616438,0.8141732283464567,0.7911392405063291,0.0,0.0,179.01801562309265
