,fold,alpha,accuracy train corrected,accuracy test corrected,accuracy train,accuracy test,violations train,violations test,runtime
0,1,0.9,0.8011049723756906,0.8111111111111111,0.7379134860050891,0.7373737373737373,0.0,0.0,38.942627906799316
1,2,0.9,0.8111111111111111,0.7717391304347826,0.7430025445292621,0.7171717171717171,0.0,0.0,38.60816049575806
2,3,0.9,0.7922437673130194,0.8461538461538461,0.7258883248730964,0.7857142857142857,0.0,0.0,32.20474100112915
3,4,0.9,0.8347107438016529,0.7528089887640449,0.7690355329949239,0.6836734693877551,0.0,0.0,70.97785258293152
4,5,0.9,0.7955801104972375,0.8333333333333334,0.7309644670050761,0.7653061224489796,0.0,0.0,52.339025020599365
