,fold,alpha,accuracy train corrected,accuracy test corrected,accuracy train,accuracy test,violations train,violations test,runtime
0,1,0.9,0.8011049723756906,0.8111111111111111,0.7379134860050891,0.7373737373737373,0.0,0.0,26.48224425315857
1,2,0.9,0.8111111111111111,0.7717391304347826,0.7430025445292621,0.7171717171717171,0.0,0.0,45.15994715690613
2,3,0.7,0.7922437673130194,0.8461538461538461,0.7258883248730964,0.7857142857142857,0.0,0.0,24.41824245452881
3,4,0.9,0.8154269972451791,0.7528089887640449,0.751269035532995,0.6836734693877551,0.0,0.0,24.5083487033844
4,5,0.9,0.7955801104972375,0.8333333333333334,0.7309644670050761,0.7653061224489796,0.0,0.0,69.44104981422424
