,fold,num violations training data,accuracy train corrected,accuracy test corrected,accuracy train,accuracy test,violations train,violations test,runtime
0,1,31.0,0.7446102819237148,0.7333333333333333,0.7082018927444795,0.6918238993710691,0.0,0.0,5303.681204795837
1,2,31.0,0.7611940298507462,0.6866666666666666,0.7239747634069401,0.6477987421383647,0.0,0.0,4882.271661281586
2,3,33.0,0.8286189683860233,0.8092105263157895,0.7854889589905363,0.7735849056603774,0.0,0.0,5228.4492111206055
3,4,35.0,0.8233333333333334,0.7908496732026143,0.7779527559055118,0.7658227848101266,0.0,0.0,6497.902206897736
4,5,30.0,0.8082644628099174,0.8918918918918919,0.7700787401574803,0.8354430379746836,0.0,0.0,4942.538579463959
