,fold,alpha,accuracy train corrected,accuracy test corrected,accuracy train,accuracy test,violations train,violations test,runtime
0,1,0.0,0.7906976744186046,0.86,0.750788643533123,0.8176100628930818,0.0,1.0,22.775641202926636
1,2,0.5,0.8438538205980066,0.7866666666666666,0.8012618296529969,0.7421383647798742,0.0,0.0,50.65721321105957
2,3,0.2,0.8374792703150912,0.8590604026845637,0.7965299684542587,0.8050314465408805,0.0,0.0,65.7852201461792
3,4,0.0,0.8490878938640133,0.785234899328859,0.8094488188976378,0.740506329113924,2.0,0.0,101.59899520874023
4,5,0.2,0.8461538461538461,0.8246753246753247,0.7968503937007874,0.8037974683544303,0.0,0.0,115.68340873718262
