,fold,alpha,accuracy train corrected,accuracy test corrected,accuracy train,accuracy test,violations train,violations test,runtime
0,1,0.9,0.8016759776536313,0.8279569892473119,0.7302798982188295,0.7777777777777778,0.0,0.0,54.215574502944946
1,2,0.9,0.8010899182561307,0.8095238095238095,0.7480916030534351,0.6868686868686869,0.0,0.0,29.368725061416626
2,3,0.9,0.7988826815642458,0.8279569892473119,0.7258883248730964,0.7857142857142857,0.0,0.0,48.59127736091614
3,4,0.9,0.8016528925619835,0.8068181818181818,0.7385786802030457,0.7244897959183674,0.0,0.0,24.604270696640015
4,5,0.7,0.8212290502793296,0.7419354838709677,0.7461928934010152,0.7040816326530612,0.0,0.0,38.271162271499634
