,fold,alpha,accuracy train corrected,accuracy test corrected,accuracy train,accuracy test,violations train,violations test,runtime
0,1,0.9,0.7960893854748603,0.8279569892473119,0.7251908396946565,0.7777777777777778,0.0,0.0,45.983360052108765
1,2,0.9,0.8010899182561307,0.8095238095238095,0.7480916030534351,0.6868686868686869,0.0,0.0,44.13067960739136
2,3,0.9,0.7960893854748603,0.8279569892473119,0.7233502538071066,0.7857142857142857,0.0,0.0,21.063281774520874
3,4,0.9,0.8016528925619835,0.8068181818181818,0.7385786802030457,0.7244897959183674,0.0,0.0,29.004173755645752
4,5,0.7,0.8184357541899442,0.7419354838709677,0.7436548223350253,0.7040816326530612,0.0,0.0,29.941861152648926
