,fold,alpha,accuracy train corrected,accuracy test corrected,accuracy train,accuracy test,violations train,violations test,runtime
0,1,0.5,0.7897350993377483,0.777027027027027,0.7523659305993691,0.7232704402515723,0.0,0.0,103.55538558959961
1,2,0.1,0.8372093023255814,0.84,0.7949526813880127,0.7924528301886793,0.0,0.0,78.39634656906128
2,3,0.0,0.8330550918196995,0.869281045751634,0.7886435331230284,0.8364779874213837,1.0,0.0,122.5567193031311
3,4,0.7,0.8394039735099338,0.8040540540540541,0.7984251968503937,0.7531645569620253,0.0,0.0,47.688859939575195
4,5,0.2,0.8380634390651085,0.8496732026143791,0.7905511811023622,0.8227848101265823,0.0,0.0,159.38940978050232
