,fold,num violations training data,accuracy train corrected,accuracy test corrected,accuracy train,accuracy test,violations train,violations test,runtime
0,1,30.0,0.8311258278145696,0.777027027027027,0.7917981072555205,0.7232704402515723,0.0,0.0,10963.33367228508
1,2,32.0,0.8205980066445183,0.8133333333333334,0.7791798107255521,0.7672955974842768,0.0,0.0,4868.828944444656
2,3,35.0,0.8063439065108514,0.8823529411764706,0.7618296529968455,0.8490566037735849,0.0,0.0,3893.0788934230804
3,4,31.0,0.7814569536423841,0.7094594594594594,0.7433070866141732,0.6645569620253164,0.0,0.0,4540.244727134705
4,5,36.0,0.8163606010016694,0.8366013071895425,0.7700787401574803,0.810126582278481,0.0,0.0,7095.267875909805
